{
    "parent": "custom:challenges/root",
    "criteria": {
        "evil_shot": {
            "trigger": "minecraft:player_killed_entity",
            "conditions": {
                "weapon": {
                    "items": [
                        "minecraft:crossbow"
                    ]
                },
                "entity": {
                    "type": "minecraft:rabbit"
                }
            }
        },
        "evil_wolf": {
            "trigger": "minecraft:player_killed_entity",
            "conditions": {
                "weapon": {
                    "items": [
                        "minecraft:crossbow"
                    ]
                },
                "entity": {
                    "type": "minecraft:wolf"
                }
            }
        },
        "evil_axolotl": {
            "trigger": "minecraft:player_killed_entity",
            "conditions": {
                "weapon": {
                    "items": [
                        "minecraft:crossbow"
                    ]
                },
                "entity": {
                    "type": "minecraft:axolotl"
                }
            }
        },
        "evil_cat": {
            "trigger": "minecraft:player_killed_entity",
            "conditions": {
                "weapon": {
                    "items": [
                        "minecraft:crossbow"
                    ]
                },
                "entity": {
                    "type": "minecraft:cat"
                }
            }
        }
    },
    "requirements": [
        [
            "evil_shot",
            "evil_wolf",
            "evil_axolotl",
            "evil_cat"
        ]
    ],
    "display": {
        "icon": {
            "item": "minecraft:crossbow"
        },
        "title": {
            "text": "Evil",
            "color": "dark_red"
        },
        "description": {
            "text": "How could you?"
        },
        "frame": "challenge",
        "show_toast": true,
        "announce_to_chat": true,
        "hidden": false
    },
    "rewards": {
        "experience": 500
    }
}