{
    "parent": "custom:challenges/root",
    "display": {
        "icon": {
            "item": "minecraft:elytra"
        },
        "title": "If it flies, kill it.",
        "description": "Kill every flying mob in every dimension.",
        "frame": "challenge",
        "show_toast": true,
        "announce_to_chat": true,
        "hidden": false
    },
    "criteria": {
        "kill_phantom": {
            "trigger": "minecraft:player_killed_entity",
            "conditions": {
                "entity": {
                    "type": "minecraft:phantom"
                }
            }
        },
        "kill_parrot": {
            "trigger": "minecraft:player_killed_entity",
            "conditions": {
                "entity": {
                    "type": "minecraft:parrot"
                }
            }
        },
        "kill_ghast": {
            "trigger": "minecraft:player_killed_entity",
            "conditions": {
                "entity": {
                    "type": "minecraft:ghast"
                }
            }
        },
        "kill_blaze": {
            "trigger": "minecraft:player_killed_entity",
            "conditions": {
                "entity": {
                    "type": "minecraft:blaze"
                }
            }
        },
        "kill_vex": {
            "trigger": "minecraft:player_killed_entity",
            "conditions": {
                "entity": {
                    "type": "minecraft:vex"
                }
            }
        },
        "kill_bat": {
            "trigger": "minecraft:player_killed_entity",
            "conditions": {
                "entity": {
                    "type": "minecraft:bat"
                }
            }
        },
        "kill_wither": {
            "trigger": "minecraft:player_killed_entity",
            "conditions": {
                "entity": {
                    "type": "minecraft:wither"
                }
            }
        },
        "kill_bee": {
            "trigger": "minecraft:player_killed_entity",
            "conditions": {
                "entity": {
                    "type": "minecraft:bee"
                }
            }
        },
        "kill_allay": {
            "trigger": "minecraft:player_killed_entity",
            "conditions": {
                "entity": {
                    "type": "minecraft:allay"
                }
            }
        }
    },
    "requirements": [
        [
            "kill_phantom"
        ],
        [
            "kill_parrot"
        ],
        [
            "kill_ghast"
        ],
        [
            "kill_blaze"
        ],
        [
            "kill_vex"
        ],
        [
            "kill_bat"
        ],
        [
            "kill_wither"
        ],
        [
            "kill_bee"
        ],
        [
            "kill_allay"
        ]
    ],
    "rewards": {
        "experience": 500,
        "items": [
            {
                "item": "minecraft:firework_rocket",
                "count": 64
            }
        ]
    }
}