{
    "parent": "custom:challenges/root",
    "criteria": {
        "allay": {
            "trigger": "minecraft:player_killed_entity",
            "conditions": {
                "entity": {
                    "type": "minecraft:allay"
                },
                "count": 10
            }
        },
        "axolotl": {
            "trigger": "minecraft:player_killed_entity",
            "conditions": {
                "entity": {
                    "type": "minecraft:axolotl"
                },
                "count": 10
            }
        },
        "bat": {
            "trigger": "minecraft:player_killed_entity",
            "conditions": {
                "entity": {
                    "type": "minecraft:bat"
                },
                "count": 10
            }
        },
        "bee": {
            "trigger": "minecraft:player_killed_entity",
            "conditions": {
                "entity": {
                    "type": "minecraft:bee"
                },
                "count": 10
            }
        },
        "blaze": {
            "trigger": "minecraft:player_killed_entity",
            "conditions": {
                "entity": {
                    "type": "minecraft:blaze"
                },
                "count": 10
            }
        },
        "camel": {
            "trigger": "minecraft:player_killed_entity",
            "conditions": {
                "entity": {
                    "type": "minecraft:camel"
                },
                "count": 10
            }
        },
        "cat": {
            "trigger": "minecraft:player_killed_entity",
            "conditions": {
                "entity": {
                    "type": "minecraft:cat"
                },
                "count": 10
            }
        },
        "cave_spider": {
            "trigger": "minecraft:player_killed_entity",
            "conditions": {
                "entity": {
                    "type": "minecraft:cave_spider"
                },
                "count": 10
            }
        },
        "chicken": {
            "trigger": "minecraft:player_killed_entity",
            "conditions": {
                "entity": {
                    "type": "minecraft:chicken"
                },
                "count": 10
            }
        },
        "cod": {
            "trigger": "minecraft:player_killed_entity",
            "conditions": {
                "entity": {
                    "type": "minecraft:cod"
                },
                "count": 10
            }
        },
        "cow": {
            "trigger": "minecraft:player_killed_entity",
            "conditions": {
                "entity": {
                    "type": "minecraft:cow"
                },
                "count": 10
            }
        },
        "creeper": {
            "trigger": "minecraft:player_killed_entity",
            "conditions": {
                "entity": {
                    "type": "minecraft:creeper"
                },
                "count": 10
            }
        },
        "dolphin": {
            "trigger": "minecraft:player_killed_entity",
            "conditions": {
                "entity": {
                    "type": "minecraft:dolphin"
                },
                "count": 10
            }
        },
        "donkey": {
            "trigger": "minecraft:player_killed_entity",
            "conditions": {
                "entity": {
                    "type": "minecraft:donkey"
                },
                "count": 10
            }
        },
        "drowned": {
            "trigger": "minecraft:player_killed_entity",
            "conditions": {
                "entity": {
                    "type": "minecraft:drowned"
                },
                "count": 10
            }
        },
        "elder_guardian": {
            "trigger": "minecraft:player_killed_entity",
            "conditions": {
                "entity": {
                    "type": "minecraft:elder_guardian"
                },
                "count": 10
            }
        },
        "enderman": {
            "trigger": "minecraft:player_killed_entity",
            "conditions": {
                "entity": {
                    "type": "minecraft:enderman"
                },
                "count": 10
            }
        },
        "endermite": {
            "trigger": "minecraft:player_killed_entity",
            "conditions": {
                "entity": {
                    "type": "minecraft:endermite"
                },
                "count": 10
            }
        },
        "ender_dragon": {
            "trigger": "minecraft:player_killed_entity",
            "conditions": {
                "entity": {
                    "type": "minecraft:ender_dragon"
                },
                "count": 10
            }
        },
        "evoker": {
            "trigger": "minecraft:player_killed_entity",
            "conditions": {
                "entity": {
                    "type": "minecraft:evoker"
                },
                "count": 10
            }
        },
        "fox": {
            "trigger": "minecraft:player_killed_entity",
            "conditions": {
                "entity": {
                    "type": "minecraft:fox"
                },
                "count": 10
            }
        },
        "frog": {
            "trigger": "minecraft:player_killed_entity",
            "conditions": {
                "entity": {
                    "type": "minecraft:frog"
                },
                "count": 10
            }
        },
        "ghast": {
            "trigger": "minecraft:player_killed_entity",
            "conditions": {
                "entity": {
                    "type": "minecraft:ghast"
                },
                "count": 10
            }
        },
        "glow_squid": {
            "trigger": "minecraft:player_killed_entity",
            "conditions": {
                "entity": {
                    "type": "minecraft:glow_squid"
                },
                "count": 10
            }
        },
        "goat": {
            "trigger": "minecraft:player_killed_entity",
            "conditions": {
                "entity": {
                    "type": "minecraft:goat"
                },
                "count": 10
            }
        },
        "guardian": {
            "trigger": "minecraft:player_killed_entity",
            "conditions": {
                "entity": {
                    "type": "minecraft:guardian"
                },
                "count": 10
            }
        },
        "hoglin": {
            "trigger": "minecraft:player_killed_entity",
            "conditions": {
                "entity": {
                    "type": "minecraft:hoglin"
                },
                "count": 10
            }
        },
        "horse": {
            "trigger": "minecraft:player_killed_entity",
            "conditions": {
                "entity": {
                    "type": "minecraft:horse"
                },
                "count": 10
            }
        },
        "husk": {
            "trigger": "minecraft:player_killed_entity",
            "conditions": {
                "entity": {
                    "type": "minecraft:husk"
                },
                "count": 10
            }
        },
        "iron_golem": {
            "trigger": "minecraft:player_killed_entity",
            "conditions": {
                "entity": {
                    "type": "minecraft:iron_golem"
                },
                "count": 10
            }
        },
        "llama": {
            "trigger": "minecraft:player_killed_entity",
            "conditions": {
                "entity": {
                    "type": "minecraft:llama"
                },
                "count": 10
            }
        },
        "magma_cube": {
            "trigger": "minecraft:player_killed_entity",
            "conditions": {
                "entity": {
                    "type": "minecraft:magma_cube"
                },
                "count": 10
            }
        },
        "mooshroom": {
            "trigger": "minecraft:player_killed_entity",
            "conditions": {
                "entity": {
                    "type": "minecraft:mooshroom"
                },
                "count": 10
            }
        },
        "mule": {
            "trigger": "minecraft:player_killed_entity",
            "conditions": {
                "entity": {
                    "type": "minecraft:mule"
                },
                "count": 10
            }
        },
        "ocelot": {
            "trigger": "minecraft:player_killed_entity",
            "conditions": {
                "entity": {
                    "type": "minecraft:ocelot"
                },
                "count": 10
            }
        },
        "panda": {
            "trigger": "minecraft:player_killed_entity",
            "conditions": {
                "entity": {
                    "type": "minecraft:panda"
                },
                "count": 10
            }
        },
        "parrot": {
            "trigger": "minecraft:player_killed_entity",
            "conditions": {
                "entity": {
                    "type": "minecraft:parrot"
                },
                "count": 10
            }
        },
        "phantom": {
            "trigger": "minecraft:player_killed_entity",
            "conditions": {
                "entity": {
                    "type": "minecraft:phantom"
                },
                "count": 10
            }
        },
        "pig": {
            "trigger": "minecraft:player_killed_entity",
            "conditions": {
                "entity": {
                    "type": "minecraft:pig"
                },
                "count": 10
            }
        },
        "piglin": {
            "trigger": "minecraft:player_killed_entity",
            "conditions": {
                "entity": {
                    "type": "minecraft:piglin"
                },
                "count": 10
            }
        },
        "piglin_brute": {
            "trigger": "minecraft:player_killed_entity",
            "conditions": {
                "entity": {
                    "type": "minecraft:piglin_brute"
                },
                "count": 10
            }
        },
        "pillager": {
            "trigger": "minecraft:player_killed_entity",
            "conditions": {
                "entity": {
                    "type": "minecraft:pillager"
                },
                "count": 10
            }
        },
        "polar_bear": {
            "trigger": "minecraft:player_killed_entity",
            "conditions": {
                "entity": {
                    "type": "minecraft:polar_bear"
                },
                "count": 10
            }
        },
        "pufferfish": {
            "trigger": "minecraft:player_killed_entity",
            "conditions": {
                "entity": {
                    "type": "minecraft:pufferfish"
                },
                "count": 10
            }
        },
        "rabbit": {
            "trigger": "minecraft:player_killed_entity",
            "conditions": {
                "entity": {
                    "type": "minecraft:rabbit"
                },
                "count": 10
            }
        },
        "ravager": {
            "trigger": "minecraft:player_killed_entity",
            "conditions": {
                "entity": {
                    "type": "minecraft:ravager"
                },
                "count": 10
            }
        },
        "salmon": {
            "trigger": "minecraft:player_killed_entity",
            "conditions": {
                "entity": {
                    "type": "minecraft:salmon"
                },
                "count": 10
            }
        },
        "sheep": {
            "trigger": "minecraft:player_killed_entity",
            "conditions": {
                "entity": {
                    "type": "minecraft:sheep"
                },
                "count": 10
            }
        },
        "shulker": {
            "trigger": "minecraft:player_killed_entity",
            "conditions": {
                "entity": {
                    "type": "minecraft:shulker"
                },
                "count": 10
            }
        },
        "silverfish": {
            "trigger": "minecraft:player_killed_entity",
            "conditions": {
                "entity": {
                    "type": "minecraft:silverfish"
                },
                "count": 10
            }
        },
        "skeleton": {
            "trigger": "minecraft:player_killed_entity",
            "conditions": {
                "entity": {
                    "type": "minecraft:skeleton"
                },
                "count": 10
            }
        },
        "slime": {
            "trigger": "minecraft:player_killed_entity",
            "conditions": {
                "entity": {
                    "type": "minecraft:slime"
                },
                "count": 10
            }
        },
        "sniffer": {
            "trigger": "minecraft:player_killed_entity",
            "conditions": {
                "entity": {
                    "type": "minecraft:sniffer"
                },
                "count": 10
            }
        },
        "snow_golem": {
            "trigger": "minecraft:player_killed_entity",
            "conditions": {
                "entity": {
                    "type": "minecraft:snow_golem"
                },
                "count": 10
            }
        },
        "spider": {
            "trigger": "minecraft:player_killed_entity",
            "conditions": {
                "entity": {
                    "type": "minecraft:spider"
                },
                "count": 10
            }
        },
        "squid": {
            "trigger": "minecraft:player_killed_entity",
            "conditions": {
                "entity": {
                    "type": "minecraft:squid"
                },
                "count": 10
            }
        },
        "stray": {
            "trigger": "minecraft:player_killed_entity",
            "conditions": {
                "entity": {
                    "type": "minecraft:stray"
                },
                "count": 10
            }
        },
        "strider": {
            "trigger": "minecraft:player_killed_entity",
            "conditions": {
                "entity": {
                    "type": "minecraft:strider"
                },
                "count": 10
            }
        },
        "tadpole": {
            "trigger": "minecraft:player_killed_entity",
            "conditions": {
                "entity": {
                    "type": "minecraft:tadpole"
                },
                "count": 10
            }
        },
        "trader_llama": {
            "trigger": "minecraft:player_killed_entity",
            "conditions": {
                "entity": {
                    "type": "minecraft:trader_llama"
                },
                "count": 10
            }
        },
        "tropical_fish": {
            "trigger": "minecraft:player_killed_entity",
            "conditions": {
                "entity": {
                    "type": "minecraft:tropical_fish"
                },
                "count": 10
            }
        },
        "turtle": {
            "trigger": "minecraft:player_killed_entity",
            "conditions": {
                "entity": {
                    "type": "minecraft:turtle"
                },
                "count": 10
            }
        },
        "vex": {
            "trigger": "minecraft:player_killed_entity",
            "conditions": {
                "entity": {
                    "type": "minecraft:vex"
                },
                "count": 10
            }
        },
        "villager": {
            "trigger": "minecraft:player_killed_entity",
            "conditions": {
                "entity": {
                    "type": "minecraft:villager"
                },
                "count": 10
            }
        },
        "vindicator": {
            "trigger": "minecraft:player_killed_entity",
            "conditions": {
                "entity": {
                    "type": "minecraft:vindicator"
                },
                "count": 10
            }
        },
        "wandering_trader": {
            "trigger": "minecraft:player_killed_entity",
            "conditions": {
                "entity": {
                    "type": "minecraft:wandering_trader"
                },
                "count": 10
            }
        },
        "warden": {
            "trigger": "minecraft:player_killed_entity",
            "conditions": {
                "entity": {
                    "type": "minecraft:warden"
                },
                "count": 10
            }
        },
        "witch": {
            "trigger": "minecraft:player_killed_entity",
            "conditions": {
                "entity": {
                    "type": "minecraft:witch"
                },
                "count": 10
            }
        },
        "wither": {
            "trigger": "minecraft:player_killed_entity",
            "conditions": {
                "entity": {
                    "type": "minecraft:wither"
                },
                "count": 10
            }
        },
        "wither_skeleton": {
            "trigger": "minecraft:player_killed_entity",
            "conditions": {
                "entity": {
                    "type": "minecraft:wither_skeleton"
                },
                "count": 10
            }
        },
        "wolf": {
            "trigger": "minecraft:player_killed_entity",
            "conditions": {
                "entity": {
                    "type": "minecraft:wolf"
                },
                "count": 10
            }
        },
        "zoglin": {
            "trigger": "minecraft:player_killed_entity",
            "conditions": {
                "entity": {
                    "type": "minecraft:zoglin"
                },
                "count": 10
            }
        },
        "zombie": {
            "trigger": "minecraft:player_killed_entity",
            "conditions": {
                "entity": {
                    "type": "minecraft:zombie"
                },
                "count": 10
            }
        },
        "zombie_villager": {
            "trigger": "minecraft:player_killed_entity",
            "conditions": {
                "entity": {
                    "type": "minecraft:zombie_villager"
                },
                "count": 10
            }
        },
        "zombified_piglin": {
            "trigger": "minecraft:player_killed_entity",
            "conditions": {
                "entity": {
                    "type": "minecraft:zombified_piglin"
                },
                "count": 10
            }
        }
    },
    "requirements": [
        [
            "allay"
        ],
        [
            "axolotl"
        ],
        [
            "bat"
        ],
        [
            "bee"
        ],
        [
            "blaze"
        ],
        [
            "camel"
        ],
        [
            "cat"
        ],
        [
            "cave_spider"
        ],
        [
            "chicken"
        ],
        [
            "cod"
        ],
        [
            "cow"
        ],
        [
            "creeper"
        ],
        [
            "dolphin"
        ],
        [
            "donkey"
        ],
        [
            "drowned"
        ],
        [
            "elder_guardian"
        ],
        [
            "enderman"
        ],
        [
            "endermite"
        ],
        [
            "ender_dragon"
        ],
        [
            "evoker"
        ],
        [
            "fox"
        ],
        [
            "frog"
        ],
        [
            "ghast"
        ],
        [
            "glow_squid"
        ],
        [
            "goat"
        ],
        [
            "guardian"
        ],
        [
            "hoglin"
        ],
        [
            "horse"
        ],
        [
            "husk"
        ],
        [
            "iron_golem"
        ],
        [
            "llama"
        ],
        [
            "magma_cube"
        ],
        [
            "mooshroom"
        ],
        [
            "mule"
        ],
        [
            "ocelot"
        ],
        [
            "panda"
        ],
        [
            "parrot"
        ],
        [
            "phantom"
        ],
        [
            "pig"
        ],
        [
            "piglin"
        ],
        [
            "piglin_brute"
        ],
        [
            "pillager"
        ],
        [
            "polar_bear"
        ],
        [
            "pufferfish"
        ],
        [
            "rabbit"
        ],
        [
            "ravager"
        ],
        [
            "salmon"
        ],
        [
            "sheep"
        ],
        [
            "shulker"
        ],
        [
            "silverfish"
        ],
        [
            "skeleton"
        ],
        [
            "slime"
        ],
        [
            "sniffer"
        ],
        [
            "snow_golem"
        ],
        [
            "spider"
        ],
        [
            "squid"
        ],
        [
            "stray"
        ],
        [
            "strider"
        ],
        [
            "tadpole"
        ],
        [
            "trader_llama"
        ],
        [
            "tropical_fish"
        ],
        [
            "turtle"
        ],
        [
            "vex"
        ],
        [
            "villager"
        ],
        [
            "vindicator"
        ],
        [
            "wandering_trader"
        ],
        [
            "warden"
        ],
        [
            "witch"
        ],
        [
            "wither"
        ],
        [
            "wither_skeleton"
        ],
        [
            "wolf"
        ],
        [
            "zoglin"
        ],
        [
            "zombie"
        ],
        [
            "zombie_villager"
        ],
        [
            "zombified_piglin"
        ]
    ],
    "display": {
        "icon": {
            "item": "minecraft:netherite_sword"
        },
        "title": "Pure Massacre",
        "description": "Kill every mob 10 times.",
        "frame": "challenge",
        "show_toast": true,
        "announce_to_chat": true,
        "background": "minecraft:textures/gui/advancements/backgrounds/adventure.png",
        "hidden": false
    },
    "rewards": {
        "function": "custom:rewards/sharpness_5",
        "experience": 500
    }
}