{
    "parent": "custom:challenges/root",
    "display": {
        "icon": {
            "item": "minecraft:deepslate_emerald_ore"
        },
        "title": "Master Miner",
        "description": "Obtain a stack of every ore block.",
        "frame": "challenge",
        "show_toast": true,
        "announce_to_chat": true,
        "hidden": false
    },
    "criteria": {
        "iron_block": {
            "trigger": "minecraft:inventory_changed",
            "conditions": {
                "items": [
                    {
                        "item": "minecraft:iron_block",
                        "count": 64
                    }
                ]
            }
        },
        "gold_block": {
            "trigger": "minecraft:inventory_changed",
            "conditions": {
                "items": [
                    {
                        "item": "minecraft:gold_block",
                        "count": 64
                    }
                ]
            }
        },
        "emerald_block": {
            "trigger": "minecraft:inventory_changed",
            "conditions": {
                "items": [
                    {
                        "item": "minecraft:emerald_block",
                        "count": 64
                    }
                ]
            }
        },
        "diamond_block": {
            "trigger": "minecraft:inventory_changed",
            "conditions": {
                "items": [
                    {
                        "item": "minecraft:diamond_block",
                        "count": 64
                    }
                ]
            }
        },
        "lapis_block": {
            "trigger": "minecraft:inventory_changed",
            "conditions": {
                "items": [
                    {
                        "item": "minecraft:lapis_block",
                        "count": 64
                    }
                ]
            }
        },
        "redstone_block": {
            "trigger": "minecraft:inventory_changed",
            "conditions": {
                "items": [
                    {
                        "item": "minecraft:redstone_block",
                        "count": 64
                    }
                ]
            }
        },
        "amethyst_block": {
            "trigger": "minecraft:inventory_changed",
            "conditions": {
                "items": [
                    {
                        "item": "minecraft:amethyst_block",
                        "count": 64
                    }
                ]
            }
        },
        "coal_block": {
            "trigger": "minecraft:inventory_changed",
            "conditions": {
                "items": [
                    {
                        "item": "minecraft:coal_block",
                        "count": 64
                    }
                ]
            }
        },
        "copper_block": {
            "trigger": "minecraft:inventory_changed",
            "conditions": {
                "items": [
                    {
                        "item": "minecraft:copper_block",
                        "count": 64
                    }
                ]
            }
        },
        "ancient_debris": {
            "trigger": "minecraft:inventory_changed",
            "conditions": {
                "items": [
                    {
                        "item": "minecraft:ancient_debris",
                        "count": 64
                    }
                ]
            }
        }
    },
    "requirements": [
        [
            "iron_block",
            "gold_block",
            "emerald_block",
            "diamond_block",
            "lapis_block",
            "redstone_block",
            "amethyst_block",
            "coal_block",
            "copper_block",
            "ancient_debris"
        ]
    ],
    "rewards": {
        "experience": 500
    }
}