{
    "display": {
        "icon": {
            "item": "minecraft:ender_eye"
        },
        "title": "Super Challenges",
        "description": "Only the toughest will complete these challenges.",
        "background": "minecraft:textures/gui/advancements/backgrounds/end.png",
        "show_toast": true,
        "announce_to_chat": true,
        "hidden": false
    },
    "criteria": {
        "kill_ender_dragon": {
            "trigger": "minecraft:player_killed_entity",
            "conditions": {
                "entity": {
                    "type": "minecraft:ender_dragon"
                }
            }
        },
        "obtain_elytra": {
            "trigger": "minecraft:inventory_changed",
            "conditions": {
                "items": [
                    {
                        "item": "minecraft:elytra"
                    }
                ]
            }
        }
    },
    "requirements": [
        [
            "kill_ender_dragon",
            "obtain_elytra"
        ]
    ],
    "rewards": {
        "function": "custom:rewards/unlock_super_challenges"
    }
}