{
    "parent": "custom:challenges/root",
    "display": {
        "icon": {
            "item": "minecraft:trident"
        },
        "title": "If it swims, kill it.",
        "description": "Kill every aquatic mob in every dimension.",
        "frame": "challenge",
        "show_toast": true,
        "announce_to_chat": true,
        "hidden": false
    },
    "criteria": {
        "kill_axolotl": {
            "trigger": "minecraft:player_killed_entity",
            "conditions": {
                "entity": {
                    "type": "minecraft:axolotl"
                }
            }
        },
        "kill_cod": {
            "trigger": "minecraft:player_killed_entity",
            "conditions": {
                "entity": {
                    "type": "minecraft:cod"
                }
            }
        },
        "kill_dolphin": {
            "trigger": "minecraft:player_killed_entity",
            "conditions": {
                "entity": {
                    "type": "minecraft:dolphin"
                }
            }
        },
        "kill_elder_guardian": {
            "trigger": "minecraft:player_killed_entity",
            "conditions": {
                "entity": {
                    "type": "minecraft:elder_guardian"
                }
            }
        },
        "kill_frog": {
            "trigger": "minecraft:player_killed_entity",
            "conditions": {
                "entity": {
                    "type": "minecraft:frog"
                }
            }
        },
        "kill_glow_squid": {
            "trigger": "minecraft:player_killed_entity",
            "conditions": {
                "entity": {
                    "type": "minecraft:glow_squid"
                }
            }
        },
        "kill_guardian": {
            "trigger": "minecraft:player_killed_entity",
            "conditions": {
                "entity": {
                    "type": "minecraft:guardian"
                }
            }
        },
        "kill_pufferfish": {
            "trigger": "minecraft:player_killed_entity",
            "conditions": {
                "entity": {
                    "type": "minecraft:pufferfish"
                }
            }
        },
        "kill_salmon": {
            "trigger": "minecraft:player_killed_entity",
            "conditions": {
                "entity": {
                    "type": "minecraft:salmon"
                }
            }
        },
        "kill_squid": {
            "trigger": "minecraft:player_killed_entity",
            "conditions": {
                "entity": {
                    "type": "minecraft:squid"
                }
            }
        },
        "kill_tadpole": {
            "trigger": "minecraft:player_killed_entity",
            "conditions": {
                "entity": {
                    "type": "minecraft:tadpole"
                }
            }
        },
        "kill_tropical_fish": {
            "trigger": "minecraft:player_killed_entity",
            "conditions": {
                "entity": {
                    "type": "minecraft:tropical_fish"
                }
            }
        },
        "kill_turtle": {
            "trigger": "minecraft:player_killed_entity",
            "conditions": {
                "entity": {
                    "type": "minecraft:turtle"
                }
            }
        }
    },
    "requirements": [
        [
            "kill_axolotl"
        ],
        [
            "kill_cod"
        ],
        [
            "kill_dolphin"
        ],
        [
            "kill_elder_guardian"
        ],
        [
            "kill_frog"
        ],
        [
            "kill_glow_squid"
        ],
        [
            "kill_guardian"
        ],
        [
            "kill_pufferfish"
        ],
        [
            "kill_salmon"
        ],
        [
            "kill_squid"
        ],
        [
            "kill_tadpole"
        ],
        [
            "kill_tropical_fish"
        ],
        [
            "kill_turtle"
        ]
    ],
    "rewards": {
        "experience": 500,
        "items": []
    }
}