{
    "parent": "custom:challenges/root",
    "display": {
        "icon": {
            "item": "minecraft:totem_of_undying"
        },
        "title": "We're in the Endgame Now",
        "description": "Summon and defeat a raid in the End.",
        "frame": "challenge",
        "show_toast": true,
        "announce_to_chat": true,
        "hidden": false
    },
    "criteria": {
        "start_raid_end": {
            "trigger": "minecraft:location",
            "conditions": {
                "player": {
                    "location": {
                        "dimension": "minecraft:the_end"
                    },
                    "effects": {
                        "minecraft:bad_omen": {}
                    }
                }
            }
        },
        "defeat_raid_end": {
            "trigger": "minecraft:effect_added",
            "conditions": {
                "effect": "minecraft:hero_of_the_village",
                "source": {
                    "type": "minecraft:raider"
                },
                "player": {
                    "location": {
                        "dimension": "minecraft:the_end"
                    }
                }
            }
        }
    },
    "requirements": [
        [
            "start_raid_end",
            "defeat_raid_end"
        ]
    ],
    "rewards": {
        "function": "custom:rewards/endgame_now"
    }
}